strideNum,strideTimeCV,faiCV,faiABSMean,PCI
60,3.77050915219642,2.94086576963318,6.06038964416645,6.3077489052812
