strideNum,strideTimeCV,faiCV,faiABSMean,PCI
47,2.1179301957607,2.06886822555318,10.5053499291096,7.90517374172517
