Num_Strides_L,Mean_Stride_Time_L_s,SD_Stride_Time_L_s,CV_Stride_Time_L_percent,Mean_Stance_Time_L_s,SD_Stance_Time_L_s,CV_Stance_Time_L_percent,Stance_Time_Percent_L,Mean_Swing_Time_L_s,SD_Swing_Time_L_s,CV_Swing_Time_L_percent,Swing_Time_Percent_L,Num_Strides_R,Mean_Stride_Time_R_s,SD_Stride_Time_R_s,CV_Stride_Time_R_percent,Mean_Stance_Time_R_s,SD_Stance_Time_R_s,CV_Stance_Time_R_percent,Stance_Time_Percent_R,Mean_Swing_Time_R_s,SD_Swing_Time_R_s,CV_Swing_Time_R_percent,Swing_Time_Percent_R,Cadence_steps_per_min,Num_Cycles_SwingVel_L,Mean_Max_Swing_Vel_L,SD_Max_Swing_Vel_L,CV_Max_Swing_Vel_L_percent,Num_Cycles_StanceVel_L,Mean_Peak_Stance_Vel_L,SD_Peak_Stance_Vel_L,CV_Peak_Stance_Vel_L_percent,Num_Cycles_SwingVel_R,Mean_Max_Swing_Vel_R,SD_Max_Swing_Vel_R,CV_Max_Swing_Vel_R_percent,Num_Cycles_StanceVel_R,Mean_Peak_Stance_Vel_R,SD_Peak_Stance_Vel_R,CV_Peak_Stance_Vel_R_percent,PCI,phi_ABS_deg,phi_CV_percent,P_phi_ABS,mean_phase_deg,std_phase_deg,num_strides_used_pci,SI_Stride_Time_%,SI_Swing_Time_%,SI_Stance_Time_%,SI_Max_Swing_Vel_%,SI_Peak_Stance_Vel_%
50,1.0994999999999997,0.06338177971625805,5.764600247044845,0.5238999999999981,0.05114968230595118,9.76325296925966,47.64893133242367,0.5756000000000014,0.031139043016765663,5.409840690890477,52.351068667576314,48,1.0967708333333335,0.05383703789497874,4.908686141056092,0.6854166666666665,0.047399381735299936,6.915411317004248,62.494064013676486,0.4113541666666671,0.028094698182613873,6.8298076108658625,37.50593598632352,109.27336926221892,50,278.496291531557,20.869119743949565,7.49350004956344,54,-149.01273787635358,14.775755050945289,-9.915766438172406,48,408.4585040620113,17.51515767126988,4.288111888254569,52,-171.8559793200293,12.980385417979333,-7.553060108433776,22.84132998708185,27.218372624609028,7.7200118622990574,15.121318124782793,152.78162737539097,11.794759756793727,50,0.24852733326373097,33.28337604329834,26.71205501729659,37.8371949258057,14.238372405556039
