strideNum,strideTimeCV,faiCV,faiABSMean,PCI
36,4.2397335366399,1.56662744614675,6.36918674656533,5.10506452757193
