strideNum,strideTimeCV,faiCV,faiABSMean,PCI
51,3.76004591162986,3.12109251896834,5.81382948460956,6.35099778819587
