strideNum,strideTimeCV,faiCV,faiABSMean,PCI
49,3.37618571762701,2.41708983030636,4.45272664021216,4.89082685264645
