strideNum,strideTimeCV,faiCV,faiABSMean,PCI
45,4.60462315738331,3.01914642432257,5.23338702659718,5.926583661321
