strideNum,strideTimeCV,faiCV,faiABSMean,PCI
60,4.11803914220767,1.57340312238524,7.89588224057821,5.96000436715091
