Num_Strides_L,Mean_Stride_Time_L_s,SD_Stride_Time_L_s,CV_Stride_Time_L_percent,Mean_Stance_Time_L_s,SD_Stance_Time_L_s,CV_Stance_Time_L_percent,Stance_Time_Percent_L,Mean_Swing_Time_L_s,SD_Swing_Time_L_s,CV_Swing_Time_L_percent,Swing_Time_Percent_L,Num_Strides_R,Mean_Stride_Time_R_s,SD_Stride_Time_R_s,CV_Stride_Time_R_percent,Mean_Stance_Time_R_s,SD_Stance_Time_R_s,CV_Stance_Time_R_percent,Stance_Time_Percent_R,Mean_Swing_Time_R_s,SD_Swing_Time_R_s,CV_Swing_Time_R_percent,Swing_Time_Percent_R,Cadence_steps_per_min,Num_Cycles_SwingVel_L,Mean_Max_Swing_Vel_L,SD_Max_Swing_Vel_L,CV_Max_Swing_Vel_L_percent,Num_Cycles_StanceVel_L,Mean_Peak_Stance_Vel_L,SD_Peak_Stance_Vel_L,CV_Peak_Stance_Vel_L_percent,Num_Cycles_SwingVel_R,Mean_Max_Swing_Vel_R,SD_Max_Swing_Vel_R,CV_Max_Swing_Vel_R_percent,Num_Cycles_StanceVel_R,Mean_Peak_Stance_Vel_R,SD_Peak_Stance_Vel_R,CV_Peak_Stance_Vel_R_percent,PCI,phi_ABS_deg,phi_CV_percent,P_phi_ABS,mean_phase_deg,std_phase_deg,num_strides_used_pci,SI_Stride_Time_%,SI_Swing_Time_%,SI_Stance_Time_%,SI_Max_Swing_Vel_%,SI_Peak_Stance_Vel_%,HR_AP,HR_VT,HR_ML,iHR_AP,iHR_VT,iHR_ML
60,1.0432500000000002,0.04781757870630194,4.583520604486166,0.5993333333333325,0.029783477895565107,4.9694345765681565,57.44867800942558,0.4439166666666678,0.03121286682692776,7.031244639067621,42.55132199057442,60,1.04625,0.017762906106078016,1.6977688034483172,0.5749166666666686,0.017114605523418914,2.9768845670535766,54.95021903624073,0.47133333333333133,0.01440100305148549,3.0553754706122103,45.049780963759275,114.86001435750178,60,317.3336957731515,13.031053190174536,4.106419634519332,64,-201.71863481282904,7.165334675216567,-3.5521431531921417,60,268.95680766833965,11.20490547508339,4.166061298920741,64,-191.89743479334015,9.98674555199344,-5.204210031649695,10.439987717757882,8.432385555163444,5.755329076000413,4.684658641757469,175.89534606649428,10.123355995496494,60,0.28715003589372284,5.991077119183515,4.158682847206956,16.50270226819036,4.9902434264512845,0.657688446685345,0.8296823719208886,1.209639676740278,25.82802160647652,44.008216453042124,55.3947531066033
