strideNum,strideTimeCV,faiCV,faiABSMean,PCI
53,5.98572518516614,1.94090575239489,4.32292318228044,4.34252974255069
